{
  "neutral": {
    "eye_l": -0.23947252157608792,
    "eye_r": -0.23298461538461537,
    "eyebrow_steepness_l": 0.1160196096247451,
    "eyebrow_updown_l": 0.0,
    "eyebrow_quirk_l": 0.0,
    "eyebrow_steepness_r": 0.052666601674046784,
    "eyebrow_updown_r": 0.0,
    "eyebrow_quirk_r": -4.6396974183075295e-34,
    "mouth_corner_updown_l": 0.0,
    "mouth_corner_inout_l": -0.02197805010989011,
    "mouth_corner_updown_r": 0.0,
    "mouth_corner_inout_r": -4.6396974183075295e-34,
    "mouth_open": 0.03699721775662441,
    "mouth_wide": -4.6396974183075295e-34,
    "gaze_y_r": 125.09185128589061,
    "gaze_x_r": 259.36282183475777,
    "gaze_y_l": 123.5214670891053,
    "gaze_x_l": 322.0269461140494
  },
  "range_lo": {
    "eye_l": -0.5,
    "eye_r": -0.5,
    "eyebrow_steepness_l": -0.3059028864449279,
    "eyebrow_updown_l": -0.3,
    "eyebrow_quirk_l": -0.2,
    "eyebrow_steepness_r": 0.3999471692877147,
    "eyebrow_updown_r": -0.3,
    "eyebrow_quirk_r": 0.12203020602464676,
    "mouth_corner_updown_l": -0.9600000000000001,
    "mouth_corner_inout_l": 0.4734379049511224,
    "mouth_corner_updown_r": -0.3,
    "mouth_corner_inout_r": 0.6069082021713257,
    "mouth_open": -0.7979821749747946,
    "mouth_wide": 0.5081628561019897,
    "gaze_y_r": -9.833174211664527,
    "gaze_x_r": 5.454483403053473,
    "gaze_y_l": -8.098178977951704,
    "gaze_x_l": 4.340303595730688
  },
  "range_hi": {
    "eye_l": 0.5,
    "eye_r": 0.5,
    "eyebrow_steepness_l": 0.8839202492886765,
    "eyebrow_updown_l": 0.3,
    "eyebrow_quirk_l": 0.2,
    "eyebrow_steepness_r": 0.8691577343778941,
    "eyebrow_updown_r": 0.3,
    "eyebrow_quirk_r": 0.7342916131019592,
    "mouth_corner_updown_l": 0.3,
    "mouth_corner_inout_l": 0.7549620565147668,
    "mouth_corner_updown_r": 0.3,
    "mouth_corner_inout_r": 0.8369626998901367,
    "mouth_open": 0.20987243570673925,
    "mouth_wide": 0.7684318423271179,
    "gaze_y_r": -5.4210802656830595,
    "gaze_x_r": 7.386014570253792,
    "gaze_y_l": -4.1321918723066915,
    "gaze_x_l": 5.804961278715666
  },
  "calibrated": true
}