{
  "neutral": {
    "eye_l": -7.223523555555564e-16,
    "eye_r": -0.03335111111111123,
    "eyebrow_steepness_l": 0.18891668580696672,
    "eyebrow_updown_l": -1.9332072576281364e-33,
    "eyebrow_quirk_l": 0.0,
    "eyebrow_steepness_r": -0.018253274159608306,
    "eyebrow_updown_r": -1.9332072576281364e-33,
    "eyebrow_quirk_r": 0.01877045797204578,
    "mouth_corner_updown_l": -1.9332072576281364e-33,
    "mouth_corner_inout_l": 0.10196089191217884,
    "mouth_corner_updown_r": 0.026860276945344694,
    "mouth_corner_inout_r": 0.019470151444733307,
    "mouth_open": -0.12789197807201708,
    "mouth_wide": 0.0850033332788191,
    "gaze_y_r": 129.785605105792,
    "gaze_x_r": 279.4145983288524,
    "gaze_y_l": 127.66223004940419,
    "gaze_x_l": 341.6196685418189
  },
  "range_lo": {
    "eye_l": -0.5,
    "eye_r": -0.5,
    "eyebrow_steepness_l": -10.0,
    "eyebrow_updown_l": -0.4990846514701843,
    "eyebrow_quirk_l": -0.2,
    "eyebrow_steepness_r": -10.0,
    "eyebrow_updown_r": -0.3,
    "eyebrow_quirk_r": -0.49311474131440725,
    "mouth_corner_updown_l": -0.3,
    "mouth_corner_inout_l": 0.32747114258031385,
    "mouth_corner_updown_r": -0.91696373630356,
    "mouth_corner_inout_r": 0.3242848851477502,
    "mouth_open": -0.09698418731799757,
    "mouth_wide": 0.3344097564733782,
    "gaze_y_r": -15.290488986278845,
    "gaze_x_r": -0.3756067460672625,
    "gaze_y_l": -13.39873578833641,
    "gaze_x_l": -3.8955090714924836
  },
  "range_hi": {
    "eye_l": 0.5,
    "eye_r": 0.5,
    "eyebrow_steepness_l": 0.7450503680832615,
    "eyebrow_updown_l": 0.3,
    "eyebrow_quirk_l": 0.2,
    "eyebrow_steepness_r": 0.576846308903871,
    "eyebrow_updown_r": 0.3,
    "eyebrow_quirk_r": 0.301899014245514,
    "mouth_corner_updown_l": 0.3,
    "mouth_corner_inout_l": 0.8446646388075782,
    "mouth_corner_updown_r": -0.571267763860933,
    "mouth_corner_inout_r": 0.8903092779909967,
    "mouth_open": 0.4628014469612535,
    "mouth_wide": 0.8499110172308244,
    "gaze_y_r": -5.230899888775355,
    "gaze_x_r": 4.371647997634966,
    "gaze_y_l": -3.7800124875599863,
    "gaze_x_l": 0.3654790157126513
  },
  "calibrated": true
}